scheme,policy,family,n_in_round_range,n_design_rows,n_persist,n_negotiation,frac_neg
A,FRB,I,1054,1054,137,917,0.8700189753320683
A,FRB,II,1054,1054,137,917,0.8700189753320683
A,FRB,III,1054,1054,137,917,0.8700189753320683
A,FRB,IV,1054,1054,137,917,0.8700189753320683
A,FRB,V,1054,1054,137,917,0.8700189753320683
A,FRB,VI,1054,1054,137,917,0.8700189753320683
A,FRB,VII,1054,1054,137,917,0.8700189753320683
A,IC,I,1198,1198,313,885,0.7387312186978298
A,IC,II,1198,1198,313,885,0.7387312186978298
A,IC,III,1198,1198,313,885,0.7387312186978298
A,IC,IV,1198,1198,313,885,0.7387312186978298
A,IC,V,1198,1198,313,885,0.7387312186978298
A,IC,VI,1198,1198,313,885,0.7387312186978298
A,IC,VII,1198,1198,313,885,0.7387312186978298
A,MEVJ,I,1274,1274,252,1022,0.8021978021978022
A,MEVJ,II,1274,1274,252,1022,0.8021978021978022
A,MEVJ,III,1274,1274,252,1022,0.8021978021978022
A,MEVJ,IV,1274,1274,252,1022,0.8021978021978022
A,MEVJ,V,1274,1274,252,1022,0.8021978021978022
A,MEVJ,VI,1274,1274,252,1022,0.8021978021978022
A,MEVJ,VII,1274,1274,252,1022,0.8021978021978022
A,OADS,I,1118,1118,163,955,0.8542039355992844
A,OADS,II,1118,1118,163,955,0.8542039355992844
A,OADS,III,1118,1118,163,955,0.8542039355992844
A,OADS,IV,1118,1118,163,955,0.8542039355992844
A,OADS,V,1118,1118,163,955,0.8542039355992844
A,OADS,VI,1118,1118,163,955,0.8542039355992844
A,OADS,VII,1118,1118,163,955,0.8542039355992844
A,PVD,I,1508,1508,467,1041,0.6903183023872679
A,PVD,II,1508,1508,467,1041,0.6903183023872679
A,PVD,III,1508,1507,467,1040,0.6901128069011281
A,PVD,IV,1508,1508,467,1041,0.6903183023872679
A,PVD,V,1508,1508,467,1041,0.6903183023872679
A,PVD,VI,1508,1507,467,1040,0.6901128069011281
A,PVD,VII,1508,1507,467,1040,0.6901128069011281
A,RFK,I,1555,1555,687,868,0.5581993569131832
A,RFK,II,1555,1555,687,868,0.5581993569131832
A,RFK,III,1555,1555,687,868,0.5581993569131832
A,RFK,IV,1555,1555,687,868,0.5581993569131832
A,RFK,V,1555,1555,687,868,0.5581993569131832
A,RFK,VI,1555,1555,687,868,0.5581993569131832
A,RFK,VII,1555,1555,687,868,0.5581993569131832
B,FRB,I,1247,1247,80,1167,0.9358460304731355
B,FRB,II,1247,1247,80,1167,0.9358460304731355
B,FRB,III,1247,1247,80,1167,0.9358460304731355
B,FRB,IV,1247,1247,80,1167,0.9358460304731355
B,FRB,V,1247,1247,80,1167,0.9358460304731355
B,FRB,VI,1247,1247,80,1167,0.9358460304731355
B,FRB,VII,1247,1247,80,1167,0.9358460304731355
B,IC,I,1208,1208,132,1076,0.890728476821192
B,IC,II,1208,1208,132,1076,0.890728476821192
B,IC,III,1208,1208,132,1076,0.890728476821192
B,IC,IV,1208,1208,132,1076,0.890728476821192
B,IC,V,1208,1208,132,1076,0.890728476821192
B,IC,VI,1208,1208,132,1076,0.890728476821192
B,IC,VII,1208,1208,132,1076,0.890728476821192
B,MEVJ,I,1504,1504,114,1390,0.9242021276595744
B,MEVJ,II,1504,1504,114,1390,0.9242021276595744
B,MEVJ,III,1504,1504,114,1390,0.9242021276595744
B,MEVJ,IV,1504,1504,114,1390,0.9242021276595744
B,MEVJ,V,1504,1504,114,1390,0.9242021276595744
B,MEVJ,VI,1504,1504,114,1390,0.9242021276595744
B,MEVJ,VII,1504,1504,114,1390,0.9242021276595744
B,OADS,I,1261,1261,73,1188,0.9421094369547978
B,OADS,II,1261,1261,73,1188,0.9421094369547978
B,OADS,III,1261,1261,73,1188,0.9421094369547978
B,OADS,IV,1261,1261,73,1188,0.9421094369547978
B,OADS,V,1261,1261,73,1188,0.9421094369547978
B,OADS,VI,1261,1261,73,1188,0.9421094369547978
B,OADS,VII,1261,1261,73,1188,0.9421094369547978
B,PVD,I,1555,1555,167,1388,0.8926045016077171
B,PVD,II,1555,1555,167,1388,0.8926045016077171
B,PVD,III,1555,1555,167,1388,0.8926045016077171
B,PVD,IV,1555,1555,167,1388,0.8926045016077171
B,PVD,V,1555,1555,167,1388,0.8926045016077171
B,PVD,VI,1555,1555,167,1388,0.8926045016077171
B,PVD,VII,1555,1555,167,1388,0.8926045016077171
B,RFK,I,1262,1262,106,1156,0.9160063391442155
B,RFK,II,1262,1262,106,1156,0.9160063391442155
B,RFK,III,1262,1262,106,1156,0.9160063391442155
B,RFK,IV,1262,1262,106,1156,0.9160063391442155
B,RFK,V,1262,1262,106,1156,0.9160063391442155
B,RFK,VI,1262,1262,106,1156,0.9160063391442155
B,RFK,VII,1262,1262,106,1156,0.9160063391442155
C,FRB,I,1789,1789,335,1454,0.8127445500279485
C,FRB,II,1789,1789,335,1454,0.8127445500279485
C,FRB,III,1789,1789,335,1454,0.8127445500279485
C,FRB,IV,1789,1789,335,1454,0.8127445500279485
C,FRB,V,1789,1789,335,1454,0.8127445500279485
C,FRB,VI,1789,1789,335,1454,0.8127445500279485
C,FRB,VII,1789,1789,335,1454,0.8127445500279485
C,IC,I,1791,1791,831,960,0.5360134003350083
C,IC,II,1791,1791,831,960,0.5360134003350083
C,IC,III,1791,1791,831,960,0.5360134003350083
C,IC,IV,1791,1791,831,960,0.5360134003350083
C,IC,V,1791,1791,831,960,0.5360134003350083
C,IC,VI,1791,1791,831,960,0.5360134003350083
C,IC,VII,1791,1791,831,960,0.5360134003350083
C,MEVJ,I,1948,1948,799,1149,0.589835728952772
C,MEVJ,II,1948,1948,799,1149,0.589835728952772
C,MEVJ,III,1948,1948,799,1149,0.589835728952772
C,MEVJ,IV,1948,1948,799,1149,0.589835728952772
C,MEVJ,V,1948,1948,799,1149,0.589835728952772
C,MEVJ,VI,1948,1948,799,1149,0.589835728952772
C,MEVJ,VII,1948,1948,799,1149,0.589835728952772
C,OADS,I,1872,1872,616,1256,0.6709401709401709
C,OADS,II,1872,1872,616,1256,0.6709401709401709
C,OADS,III,1872,1872,616,1256,0.6709401709401709
C,OADS,IV,1872,1872,616,1256,0.6709401709401709
C,OADS,V,1872,1872,616,1256,0.6709401709401709
C,OADS,VI,1872,1872,616,1256,0.6709401709401709
C,OADS,VII,1872,1872,616,1256,0.6709401709401709
C,PVD,I,1906,1906,965,941,0.49370409233997903
C,PVD,II,1906,1906,965,941,0.49370409233997903
C,PVD,III,1906,1906,965,941,0.49370409233997903
C,PVD,IV,1906,1906,965,941,0.49370409233997903
C,PVD,V,1906,1906,965,941,0.49370409233997903
C,PVD,VI,1906,1906,965,941,0.49370409233997903
C,PVD,VII,1906,1906,965,941,0.49370409233997903
C,RFK,I,1815,1815,891,924,0.509090909090909
C,RFK,II,1815,1815,891,924,0.509090909090909
C,RFK,III,1815,1815,891,924,0.509090909090909
C,RFK,IV,1815,1815,891,924,0.509090909090909
C,RFK,V,1815,1815,891,924,0.509090909090909
C,RFK,VI,1815,1815,891,924,0.509090909090909
C,RFK,VII,1815,1815,891,924,0.509090909090909
D,FRB,I,1071,1071,174,897,0.8375350140056023
D,FRB,II,1071,1071,174,897,0.8375350140056023
D,FRB,III,1071,1071,174,897,0.8375350140056023
D,FRB,IV,1071,1071,174,897,0.8375350140056023
D,FRB,V,1071,1071,174,897,0.8375350140056023
D,FRB,VI,1071,1071,174,897,0.8375350140056023
D,FRB,VII,1071,1071,174,897,0.8375350140056023
D,IC,I,1092,1092,234,858,0.7857142857142857
D,IC,II,1092,1092,234,858,0.7857142857142857
D,IC,III,1092,1092,234,858,0.7857142857142857
D,IC,IV,1092,1092,234,858,0.7857142857142857
D,IC,V,1092,1092,234,858,0.7857142857142857
D,IC,VI,1092,1092,234,858,0.7857142857142857
D,IC,VII,1092,1092,234,858,0.7857142857142857
D,MEVJ,I,1226,1226,244,982,0.800978792822186
D,MEVJ,II,1226,1226,244,982,0.800978792822186
D,MEVJ,III,1226,1226,244,982,0.800978792822186
D,MEVJ,IV,1226,1226,244,982,0.800978792822186
D,MEVJ,V,1226,1226,244,982,0.800978792822186
D,MEVJ,VI,1226,1226,244,982,0.800978792822186
D,MEVJ,VII,1226,1226,244,982,0.800978792822186
D,OADS,I,1166,1166,211,955,0.8190394511149228
D,OADS,II,1166,1166,211,955,0.8190394511149228
D,OADS,III,1166,1166,211,955,0.8190394511149228
D,OADS,IV,1166,1166,211,955,0.8190394511149228
D,OADS,V,1166,1166,211,955,0.8190394511149228
D,OADS,VI,1166,1166,211,955,0.8190394511149228
D,OADS,VII,1166,1166,211,955,0.8190394511149228
D,PVD,I,1283,1283,257,1026,0.7996882307092751
D,PVD,II,1283,1283,257,1026,0.7996882307092751
D,PVD,III,1283,1283,257,1026,0.7996882307092751
D,PVD,IV,1283,1283,257,1026,0.7996882307092751
D,PVD,V,1283,1283,257,1026,0.7996882307092751
D,PVD,VI,1283,1283,257,1026,0.7996882307092751
D,PVD,VII,1283,1283,257,1026,0.7996882307092751
D,RFK,I,1079,1079,185,894,0.8285449490268767
D,RFK,II,1079,1079,185,894,0.8285449490268767
D,RFK,III,1079,1079,185,894,0.8285449490268767
D,RFK,IV,1079,1079,185,894,0.8285449490268767
D,RFK,V,1079,1079,185,894,0.8285449490268767
D,RFK,VI,1079,1079,185,894,0.8285449490268767
D,RFK,VII,1079,1079,185,894,0.8285449490268767
