scheme,policy,parse_fail,lower_trunc,upper_trunc,agreement,floor,n_turns
A,FRB,0.0,0.001,0.0,0.0725,0.2242,1931
A,IC,0.0,0.0005,0.0,0.076,0.1416,1935
A,MEVJ,0.0,0.0005,0.0,0.0947,0.0784,1901
A,OADS,0.0,0.0005,0.0,0.0724,0.2148,1960
A,PVD,0.0005,0.0005,0.0,0.0803,0.0372,2068
A,RFK,0.0,0.0005,0.0,0.0609,0.0664,2183
B,FRB,0.0,0.005,0.0,0.0685,0.2484,2218
B,IC,0.0004,0.0013,0.0,0.0631,0.2833,2252
B,MEVJ,0.0,0.0013,0.0,0.0819,0.121,2223
B,OADS,0.0,0.0009,0.0,0.0705,0.2371,2185
B,PVD,0.0,0.0,0.0,0.091,0.0726,2177
B,RFK,0.0004,0.0026,0.0,0.0601,0.2717,2311
C,FRB,0.0,0.0024,0.0,0.037,0.0845,2462
C,IC,0.0,0.0012,0.0,0.0369,0.0705,2441
C,MEVJ,0.0,0.0,0.0,0.0369,0.0101,2468
C,OADS,0.0,0.0004,0.0,0.038,0.0384,2449
C,PVD,0.0,0.0,0.0,0.0389,0.0041,2418
C,RFK,0.0,0.0013,0.0,0.0438,0.0303,2375
D,FRB,0.0,0.0017,0.0,0.1398,0.092,1717
D,IC,0.0,0.0012,0.0,0.1381,0.0758,1716
D,MEVJ,0.0,0.0,0.0,0.1368,0.0165,1754
D,OADS,0.0,0.0011,0.0,0.1378,0.0543,1749
D,PVD,0.0,0.0,0.0,0.1328,0.01,1800
D,RFK,0.0006,0.0006,0.0,0.1411,0.0802,1708
