scheme,policy,best_family,best_model,best_mae,best_mae$,chosen_family,chosen_model,chosen_dim_phi,chosen_tau,chosen_theta_l1,chosen_mae,chosen_mae$,gap_rel
A,FRB,VII,GBR,0.6954313840979004,333.8033555710325,VII,GBR,7,2,,0.6954313840979004,333.8033555710325,0.0
A,IC,IV,GBR,0.5756045118764544,386.213162868931,IV,GBR,6,1,,0.5756045118764544,386.213162868931,0.0
A,MEVJ,V,GBR,0.40572966583085807,447.059539468206,V,GBR,3,1,,0.40572966583085807,447.059539468206,0.0
A,OADS,VII,GBR,0.6646655199172776,375.98777199149845,VII,GBR,7,2,,0.6646655199172776,375.98777199149845,0.0
A,PVD,IV,GBR,0.3664367738520329,418.1936815492491,V,OLS,3,1,0.7225641505872515,0.38987986759514154,562.5096893114077,0.06397582179504444
A,RFK,III,GBR,0.48340762696647255,394.9133392723857,III,GBR,6,2,,0.48340762696647255,394.9133392723857,0.0
B,FRB,II,GBR,0.6559136787706985,276.8097517474882,II,GBR,4,1,,0.6559136787706985,276.8097517474882,0.0
B,IC,III,GBR,0.7511024461201866,320.7657146703829,III,GBR,6,2,,0.7511024461201866,320.7657146703829,0.0
B,MEVJ,VII,GBR,0.39917077311184634,274.87110653502526,VII,GBR,7,2,,0.39917077311184634,274.87110653502526,0.0
B,OADS,III,GBR,0.6342708398352679,327.5760973745702,VI,OLS,4,2,1.6258443869201198,0.6812430451999928,393.1900943855163,0.07405701541777401
B,PVD,VII,GBR,0.3115280136125322,269.28529710192043,VII,GBR,7,2,,0.3115280136125322,269.28529710192043,0.0
B,RFK,IV,GBR,0.7149550875378535,305.3321700124143,IV,GBR,6,1,,0.7149550875378535,305.3321700124143,0.0
C,FRB,VII,GBR,0.3935344460095654,246.15601633119934,VI,OLS,4,2,1.0879366699256918,0.4142310320791176,294.6243819368476,0.05259154892135962
C,IC,VI,GBR,0.4687454753715631,366.6691965429755,VI,GBR,4,2,,0.4687454753715631,366.6691965429755,0.0
C,MEVJ,VII,GBR,0.1704391510838409,225.53945318557814,VII,GBR,7,2,,0.1704391510838409,225.53945318557814,0.0
C,OADS,III,GBR,0.29739447463307533,304.05869590278303,III,GBR,6,2,,0.29739447463307533,304.05869590278303,0.0
C,PVD,VII,GBR,0.1544849178588273,221.5487559958369,VII,GBR,7,2,,0.1544849178588273,221.5487559958369,0.0
C,RFK,VII,GBR,0.33246272273621075,305.6543260872963,VII,GBR,7,2,,0.33246272273621075,305.6543260872963,0.0
D,FRB,V,Ridge,0.5881877877914119,378.89016033451975,V,Ridge,3,1,1.7536765985045237,0.5881877877914119,378.89016033451975,0.0
D,IC,III,GBR,0.566388035237041,394.3481762222093,III,GBR,6,2,,0.566388035237041,394.3481762222093,0.0
D,MEVJ,VII,GBR,0.2867253881146761,311.1449063110665,III,Ridge,6,2,2.5989257079243395,0.306432528000937,403.6589512942638,0.06873175764393417
D,OADS,VII,GBR,0.3739771193157626,361.5225063455934,VII,GBR,7,2,,0.3739771193157626,361.5225063455934,0.0
D,PVD,VI,GBR,0.2168600207851761,312.37514220863625,VII,Ridge,7,2,1.0744556218311898,0.2330294245578053,354.9614889126596,0.07456147847853786
D,RFK,III,GBR,0.5590141144211704,399.06865085157733,III,GBR,6,2,,0.5590141144211704,399.06865085157733,0.0
