run_id,round_n,merchant_n,supplier_n,supplier_n_plus_1_true,supplier_n_plus_1_fitted_linear
1,1,0.35,0.4,0.39,0.3851160276946958
1,2,0.37,0.39,0.39,0.3801976998145234
1,3,0.38,0.39,0.38,0.38187275517154945
2,1,0.45,0.75,0.7,0.6912619320628125
2,2,0.5,0.7,0.65,0.6582950158768205
2,3,0.55,0.65,0.63,0.6253280996908286
2,4,0.6,0.63,0.62,0.61716649928751
2,5,0.61,0.62,0.61,0.6105731160503116
3,1,0.6542857142857142,0.9,0.8157142857142857,0.8495074989839977
3,2,0.7514285714285714,0.8157142857142857,0.7942857142857143,0.7960883400152161
3,3,0.78,0.7942857142857143,0.7942857142857143,0.7831561297619525
3,4,0.7914285714285715,0.7942857142857143,0.7942857142857143,0.7850704787414108
3,5,0.7942857142857143,0.7942857142857143,0.7942857142857143,0.7855490659862754
4,1,0.75,1.3714285714285714,1.2714285714285716,1.2553379911289717
4,2,0.9785714285714285,1.2714285714285716,1.207142857142857,1.2109405847758945
4,3,1.0714285714285714,1.207142857142857,1.17,1.1733404221282648
4,4,1.207142857142857,1.17,1.1585714285714286,1.1653619729093563
4,5,1.17,1.1585714285714286,1.1514285714285715,1.1496906946184315
5,1,0.35,0.5,0.45,0.46780041363694036
5,2,0.4,0.45,0.44,0.43483349745094835
5,3,0.45,0.44,0.43,0.4349403356418542
