run_id,round_n,merchant_n,supplier_n,supplier_n_plus_1
1,1,0.4,0.55,0.52
1,2,0.45,0.52,0.5
1,3,0.48,0.5,0.5
1,4,0.49,0.5,0.5
2,1,0.35,0.7,0.6
2,2,0.45,0.6,0.55
2,3,0.5,0.55,0.54
2,4,0.52,0.54,0.53
3,1,0.8357142857142856,1.3071428571428572,1.1785714285714286
3,2,0.9857142857142858,1.1785714285714286,1.1142857142857143
3,4,1.0471428571428572,1.082857142857143,1.07
3,7,1.0585714285714285,1.0657142857142856,1.0642857142857143
4,1,0.6871428571428572,1.3,1.1428571428571428
4,2,0.9500000000000001,1.1428571428571428,1.0857142857142856
4,3,1.0142857142857142,1.0857142857142856,1.0685714285714287
4,6,1.0585714285714285,1.0671428571428572,1.0635714285714286
4,7,1.062857142857143,1.0635714285714286,1.0635714285714286
4,8,1.0631428571428572,1.0635714285714286,1.0635714285714286
4,9,1.0632857142857144,1.0635714285714286,1.0635714285714286
5,1,0.25,1.0,0.75
5,2,0.3,0.75,0.65
5,3,0.4,0.65,0.6
5,4,0.5,0.6,0.58
5,5,0.55,0.58,0.57
5,6,0.56,0.57,0.56
6,1,0.25,1.2,1.0
6,2,0.5,1.0,0.85
6,3,0.65,0.85,0.8
6,4,0.75,0.8,0.78
7,1,0.6028571428571429,1.5285714285714285,1.4285714285714286
7,2,0.7999999999999999,1.4285714285714286,1.3571428571428572
7,3,0.9571428571428572,1.3571428571428572,1.2928571428571427
7,4,1.092857142857143,1.2928571428571427,1.2557142857142858
7,5,1.1385714285714286,1.2557142857142858,1.237142857142857
7,6,1.172857142857143,1.237142857142857,1.2285714285714284
7,7,1.1985714285714286,1.2285714285714284,1.2185714285714284
7,8,1.207142857142857,1.2185714285714284,1.2142857142857142
8,1,0.6428571428571429,1.1285714285714286,0.9714285714285714
8,2,0.7642857142857142,0.9714285714285714,0.9314285714285714
8,3,0.8257142857142857,0.9314285714285714,0.9057142857142857
8,4,0.86,0.9057142857142857,0.8985714285714286
8,6,0.8828571428571428,0.8928571428571429,0.8914285714285715
8,7,0.8871428571428571,0.8914285714285715,0.89
8,8,0.8885714285714286,0.89,0.89
9,1,0.4,1.0,0.85
9,2,0.6,0.85,0.75
9,3,0.65,0.75,0.72
9,4,0.68,0.72,0.71
9,5,0.7,0.71,0.7
10,1,0.4,1.2,1.0
10,2,0.6,1.0,0.9
10,3,0.7,0.9,0.85
10,4,0.75,0.85,0.83
10,5,0.8,0.83,0.83
