run_id,round_n,merchant_n,supplier_n,supplier_n_plus_1_true,pred_linear,pred_quadratic,pred_cubic,pred_knn_k7
1,1,0.8,1.2,1.0,1.0944582082046164,1.0895147961068261,1.0730424434498682,1.0755102040816327
2,1,0.7,1.2,1.08,1.072623216150069,1.071305761997869,1.048338835696196,1.0679591836734694
2,2,0.95,1.08,1.04,1.0365617704874803,1.0349705496505177,1.0420983723006363,1.0440816326530613
2,3,1.0,1.04,1.03,1.0172629579151016,1.0216086421303392,1.029284500522845,1.0440816326530613
2,4,1.02,1.03,1.02,1.0140758791760978,1.020929350071621,1.0271343726383209,1.0440816326530613
3,1,1.0285714285714287,1.4357142857142857,1.3214285714285714,1.322427151434391,1.313824030529715,1.3106424665644827,1.2557142857142858
3,5,1.2914285714285714,1.3028571428571427,1.2914285714285714,1.2794606769860697,1.2778557478931791,1.2799985939730028,1.2130612244897958
4,1,0.9571428571428572,1.1428571428571428,1.1128571428571428,1.0856041834336874,1.0814864616072675,1.0873179586903583,1.0583673469387753
4,2,1.0514285714285714,1.1128571428571428,1.1028571428571428,1.083529230206807,1.0857963727175493,1.0972755304559465,1.086938775510204
4,3,1.0857142857142856,1.1028571428571428,1.1028571428571428,1.0834614360470245,1.0890355420164948,1.0990274761620442,1.086938775510204
5,1,0.5,1.2,1.05,1.0289532320409742,1.0419630036604,1.0443739979234552,1.006122448979592
5,2,0.75,1.05,0.95,0.9702295549286462,0.9623066542378762,0.9507886261805952,0.9657142857142856
5,3,0.85,0.95,0.9,0.9165237754840623,0.9151793349678599,0.9167525919798107,0.9414285714285714
6,1,0.7,0.85,0.8,0.8082305159031101,0.7993373566572267,0.7984075169480591,0.8700000000000001
6,2,0.75,0.8,0.77,0.7813776261808184,0.7789133532376682,0.7759869742725126,0.8700000000000001
7,1,0.8857142857142858,1.507142857142857,1.3485714285714285,1.3451919995701311,1.3517691753719057,1.3563816376663138,1.2093877551020409
7,2,1.1928571428571428,1.3485714285714285,1.272857142857143,1.2924705375033332,1.2831954693779044,1.2931905834009376,1.233061224489796
8,1,0.9571428571428572,1.3285714285714287,1.2428571428571427,1.2258941876463596,1.219154225125652,1.2138321578746196,1.2140816326530612
8,2,1.1428571428571428,1.2428571428571427,1.2,1.201695654462692,1.198664646555346,1.2123176669376428,1.2018367346938776
8,3,1.3425,1.2,1.2,1.212913040100536,1.2294011974731829,1.2012479696319973,1.17
9,1,0.4,1.1,0.95,0.9315774684872958,0.9393433872414276,0.9550486276974619,0.9614285714285715
9,2,0.75,0.95,0.9,0.894688783429515,0.8870061239287944,0.8830816540318996,0.87
9,3,0.85,0.9,0.89,0.8787533897344968,0.8802576664911583,0.8798218455296415,0.87
9,4,0.88,0.89,0.88,0.8777498102009479,0.8828954366665291,0.8803218851856285,0.8814285714285715
