run_id,round,merchant_price_mean,supplier_price_mean,merchant_prices_json,supplier_prices_json
1,1,0.8,1.2,"{""Cola (330ml)"": 0.8}","{""Cola (330ml)"": 1.2}"
1,2,1.0,1.0,"{""Cola (330ml)"": 1.0}","{""Cola (330ml)"": 1.0}"
2,1,0.7,1.2,"{""Cola (330ml)"": 0.7}","{""Cola (330ml)"": 1.2}"
2,2,0.95,1.08,"{""Cola (330ml)"": 0.95}","{""Cola (330ml)"": 1.08}"
2,3,1.0,1.04,"{""Cola (330ml)"": 1.0}","{""Cola (330ml)"": 1.04}"
2,4,1.02,1.03,"{""Cola (330ml)"": 1.02}","{""Cola (330ml)"": 1.03}"
2,5,1.02,1.02,"{""Cola (330ml)"": 1.02}","{""Cola (330ml)"": 1.02}"
3,1,1.0285714285714287,1.4357142857142857,"{""Iced coffee (240ml)"": 1.5, ""Sparkling water (500ml)"": 0.5, ""Protein bar (60g)"": 1.8, ""Granola bar"": 1.0, ""Mixed nuts (30g)"": 1.2, ""Gummy candy (50g)"": 0.4, ""Lip balm"": 0.8}","{""Iced coffee (240ml)"": 2.0, ""Sparkling water (500ml)"": 0.85, ""Protein bar (60g)"": 2.2, ""Granola bar"": 1.3, ""Mixed nuts (30g)"": 1.6, ""Gummy candy (50g)"": 0.7, ""Lip balm"": 1.4}"
3,2,1.2285714285714284,1.3214285714285714,"{""Iced coffee (240ml)"": 1.75, ""Sparkling water (500ml)"": 0.65, ""Protein bar (60g)"": 2.0, ""Granola bar"": 1.15, ""Mixed nuts (30g)"": 1.4, ""Gummy candy (50g)"": 0.55, ""Lip balm"": 1.1}","{""Iced coffee (240ml)"": 1.85, ""Sparkling water (500ml)"": 0.75, ""Protein bar (60g)"": 2.1, ""Granola bar"": 1.2, ""Mixed nuts (30g)"": 1.5, ""Gummy candy (50g)"": 0.6, ""Lip balm"": 1.25}"
3,3,1.272857142857143,,"{""Iced coffee (240ml)"": 1.8, ""Sparkling water (500ml)"": 0.7, ""Protein bar (60g)"": 2.05, ""Granola bar"": 1.18, ""Mixed nuts (30g)"": 1.45, ""Gummy candy (50g)"": 0.58, ""Lip balm"": 1.15}",{}
3,4,1.2914285714285714,,"{""Iced coffee (240ml)"": 1.82, ""Sparkling water (500ml)"": 0.72, ""Protein bar (60g)"": 2.07, ""Granola bar"": 1.19, ""Mixed nuts (30g)"": 1.47, ""Gummy candy (50g)"": 0.59, ""Lip balm"": 1.18}",{}
3,5,1.2914285714285714,1.3028571428571427,"{""Iced coffee (240ml)"": 1.82, ""Sparkling water (500ml)"": 0.72, ""Protein bar (60g)"": 2.07, ""Granola bar"": 1.19, ""Mixed nuts (30g)"": 1.47, ""Gummy candy (50g)"": 0.59, ""Lip balm"": 1.18}","{""Iced coffee (240ml)"": 1.83, ""Sparkling water (500ml)"": 0.73, ""Protein bar (60g)"": 2.08, ""Granola bar"": 1.2, ""Mixed nuts (30g)"": 1.48, ""Gummy candy (50g)"": 0.6, ""Lip balm"": 1.2}"
3,6,1.2914285714285714,1.2914285714285714,"{""Iced coffee (240ml)"": 1.82, ""Sparkling water (500ml)"": 0.72, ""Protein bar (60g)"": 2.07, ""Granola bar"": 1.19, ""Mixed nuts (30g)"": 1.47, ""Gummy candy (50g)"": 0.59, ""Lip balm"": 1.18}","{""Iced coffee (240ml)"": 1.82, ""Sparkling water (500ml)"": 0.72, ""Protein bar (60g)"": 2.07, ""Granola bar"": 1.19, ""Mixed nuts (30g)"": 1.47, ""Gummy candy (50g)"": 0.59, ""Lip balm"": 1.18}"
4,1,0.9571428571428572,1.1428571428571428,"{""Iced coffee (240ml)"": 1.5, ""Sparkling water (500ml)"": 0.4, ""Protein bar (60g)"": 1.6, ""Granola bar"": 0.9, ""Mixed nuts (30g)"": 1.1, ""Gummy candy (50g)"": 0.4, ""Lip balm"": 0.8}","{""Iced coffee (240ml)"": 1.7, ""Sparkling water (500ml)"": 0.55, ""Protein bar (60g)"": 1.8, ""Granola bar"": 1.1, ""Mixed nuts (30g)"": 1.3, ""Gummy candy (50g)"": 0.55, ""Lip balm"": 1.0}"
4,2,1.0514285714285714,1.1128571428571428,"{""Iced coffee (240ml)"": 1.6, ""Sparkling water (500ml)"": 0.48, ""Protein bar (60g)"": 1.7, ""Granola bar"": 1.0, ""Mixed nuts (30g)"": 1.2, ""Gummy candy (50g)"": 0.48, ""Lip balm"": 0.9}","{""Iced coffee (240ml)"": 1.67, ""Sparkling water (500ml)"": 0.52, ""Protein bar (60g)"": 1.77, ""Granola bar"": 1.07, ""Mixed nuts (30g)"": 1.27, ""Gummy candy (50g)"": 0.52, ""Lip balm"": 0.97}"
4,3,1.0857142857142856,1.1028571428571428,"{""Iced coffee (240ml)"": 1.64, ""Sparkling water (500ml)"": 0.5, ""Protein bar (60g)"": 1.74, ""Granola bar"": 1.04, ""Mixed nuts (30g)"": 1.24, ""Gummy candy (50g)"": 0.5, ""Lip balm"": 0.94}","{""Iced coffee (240ml)"": 1.66, ""Sparkling water (500ml)"": 0.51, ""Protein bar (60g)"": 1.76, ""Granola bar"": 1.06, ""Mixed nuts (30g)"": 1.26, ""Gummy candy (50g)"": 0.51, ""Lip balm"": 0.96}"
4,4,1.1028571428571428,1.1028571428571428,"{""Iced coffee (240ml)"": 1.66, ""Sparkling water (500ml)"": 0.51, ""Protein bar (60g)"": 1.76, ""Granola bar"": 1.06, ""Mixed nuts (30g)"": 1.26, ""Gummy candy (50g)"": 0.51, ""Lip balm"": 0.96}","{""Iced coffee (240ml)"": 1.66, ""Sparkling water (500ml)"": 0.51, ""Protein bar (60g)"": 1.76, ""Granola bar"": 1.06, ""Mixed nuts (30g)"": 1.26, ""Gummy candy (50g)"": 0.51, ""Lip balm"": 0.96}"
5,1,0.5,1.2,"{""Cola (330ml)"": 0.5}","{""Cola (330ml)"": 1.2}"
5,2,0.75,1.05,"{""Cola (330ml)"": 0.75}","{""Cola (330ml)"": 1.05}"
5,3,0.85,0.95,"{""Cola (330ml)"": 0.85}","{""Cola (330ml)"": 0.95}"
5,4,0.9,0.9,"{""Cola (330ml)"": 0.9}","{""Cola (330ml)"": 0.9}"
6,1,0.7,0.85,"{""Cola (330ml)"": 0.7}","{""Cola (330ml)"": 0.85}"
6,2,0.75,0.8,"{""Cola (330ml)"": 0.75}","{""Cola (330ml)"": 0.8}"
6,3,0.77,0.77,"{""Cola (330ml)"": 0.77}","{""Cola (330ml)"": 0.77}"
7,1,0.8857142857142858,1.507142857142857,"{""Iced coffee (240ml)"": 1.3, ""Sparkling water (500ml)"": 0.35, ""Protein bar (60g)"": 1.6, ""Granola bar"": 0.85, ""Mixed nuts (30g)"": 1.1, ""Gummy candy (50g)"": 0.35, ""Lip balm"": 0.65}","{""Iced coffee (240ml)"": 2.1, ""Sparkling water (500ml)"": 0.85, ""Protein bar (60g)"": 2.4, ""Granola bar"": 1.4, ""Mixed nuts (30g)"": 1.7, ""Gummy candy (50g)"": 0.7, ""Lip balm"": 1.4}"
7,2,1.1928571428571428,1.3485714285714285,"{""Iced coffee (240ml)"": 1.7, ""Sparkling water (500ml)"": 0.6, ""Protein bar (60g)"": 2.0, ""Granola bar"": 1.1, ""Mixed nuts (30g)"": 1.4, ""Gummy candy (50g)"": 0.55, ""Lip balm"": 1.0}","{""Iced coffee (240ml)"": 1.9, ""Sparkling water (500ml)"": 0.72, ""Protein bar (60g)"": 2.2, ""Granola bar"": 1.25, ""Mixed nuts (30g)"": 1.55, ""Gummy candy (50g)"": 0.62, ""Lip balm"": 1.2}"
7,3,,1.272857142857143,{},"{""Iced coffee (240ml)"": 1.8, ""Sparkling water (500ml)"": 0.66, ""Protein bar (60g)"": 2.1, ""Granola bar"": 1.18, ""Mixed nuts (30g)"": 1.48, ""Gummy candy (50g)"": 0.59, ""Lip balm"": 1.1}"
7,4,1.2328571428571427,1.2328571428571427,"{""Iced coffee (240ml)"": 1.75, ""Sparkling water (500ml)"": 0.63, ""Protein bar (60g)"": 2.05, ""Granola bar"": 1.14, ""Mixed nuts (30g)"": 1.44, ""Gummy candy (50g)"": 0.57, ""Lip balm"": 1.05}","{""Iced coffee (240ml)"": 1.75, ""Sparkling water (500ml)"": 0.63, ""Protein bar (60g)"": 2.05, ""Granola bar"": 1.14, ""Mixed nuts (30g)"": 1.44, ""Gummy candy (50g)"": 0.57, ""Lip balm"": 1.05}"
8,1,0.9571428571428572,1.3285714285714287,"{""Iced coffee (240ml)"": 1.3, ""Sparkling water (500ml)"": 0.5, ""Protein bar (60g)"": 1.6, ""Granola bar"": 0.9, ""Mixed nuts (30g)"": 1.1, ""Gummy candy (50g)"": 0.5, ""Lip balm"": 0.8}","{""Iced coffee (240ml)"": 1.8, ""Sparkling water (500ml)"": 0.7, ""Protein bar (60g)"": 2.2, ""Granola bar"": 1.2, ""Mixed nuts (30g)"": 1.5, ""Gummy candy (50g)"": 0.7, ""Lip balm"": 1.2}"
8,2,1.1428571428571428,1.2428571428571427,"{""Iced coffee (240ml)"": 1.55, ""Sparkling water (500ml)"": 0.6, ""Protein bar (60g)"": 1.9, ""Granola bar"": 1.05, ""Mixed nuts (30g)"": 1.3, ""Gummy candy (50g)"": 0.6, ""Lip balm"": 1.0}","{""Iced coffee (240ml)"": 1.7, ""Sparkling water (500ml)"": 0.65, ""Protein bar (60g)"": 2.05, ""Granola bar"": 1.15, ""Mixed nuts (30g)"": 1.4, ""Gummy candy (50g)"": 0.65, ""Lip balm"": 1.1}"
8,3,1.3425,1.2,"{""Iced coffee (240ml)"": 1.65, ""Sparkling water (500ml)"": 0.62, ""Protein bar (60g)"": 2.0, ""Granola bar"": 1.1}","{""Iced coffee (240ml)"": 1.65, ""Sparkling water (500ml)"": 0.62, ""Protein bar (60g)"": 2.0, ""Granola bar"": 1.1, ""Mixed nuts (30g)"": 1.35, ""Gummy candy (50g)"": 0.63, ""Lip balm"": 1.05}"
8,4,1.2,1.2,"{""Iced coffee (240ml)"": 1.65, ""Sparkling water (500ml)"": 0.62, ""Protein bar (60g)"": 2.0, ""Granola bar"": 1.1, ""Mixed nuts (30g)"": 1.35, ""Gummy candy (50g)"": 0.63, ""Lip balm"": 1.05}","{""Iced coffee (240ml)"": 1.65, ""Sparkling water (500ml)"": 0.62, ""Protein bar (60g)"": 2.0, ""Granola bar"": 1.1, ""Mixed nuts (30g)"": 1.35, ""Gummy candy (50g)"": 0.63, ""Lip balm"": 1.05}"
9,1,0.4,1.1,"{""Cola (330ml)"": 0.4}","{""Cola (330ml)"": 1.1}"
9,2,0.75,0.95,"{""Cola (330ml)"": 0.75}","{""Cola (330ml)"": 0.95}"
9,3,0.85,0.9,"{""Cola (330ml)"": 0.85}","{""Cola (330ml)"": 0.9}"
9,4,0.88,0.89,"{""Cola (330ml)"": 0.88}","{""Cola (330ml)"": 0.89}"
9,5,0.88,0.88,"{""Cola (330ml)"": 0.88}","{""Cola (330ml)"": 0.88}"
10,1,0.45,,"{""Cola (330ml)"": 0.45}",{}
10,2,,,{},{}
10,3,,,{},{}
10,4,,0.8,{},"{""Cola (330ml)"": 0.8}"
