run_idx,round_t,m_t,s_prev,s_t,v,cost,market,strategy,model,supplier_id,product
0,2,0.67,1.3,1.0,0.33999999999999997,0.3,1.5,cooperative,deepseek-reasoner,S1,Cola (330ml)
0,3,0.64,1.0,0.85,0.33999999999999997,0.3,1.5,cooperative,deepseek-reasoner,S1,Cola (330ml)
0,4,1.08,0.85,1.15,0.33999999999999997,0.3,1.5,cooperative,deepseek-reasoner,S1,Cola (330ml)
0,5,0.47,1.15,0.95,0.33999999999999997,0.3,1.5,cooperative,deepseek-reasoner,S1,Cola (330ml)
0,6,1.11,0.95,1.15,0.33999999999999997,0.3,1.5,cooperative,deepseek-reasoner,S1,Cola (330ml)
0,7,0.83,1.15,0.95,0.33999999999999997,0.3,1.5,cooperative,deepseek-reasoner,S1,Cola (330ml)
0,8,0.56,0.95,0.7,0.33999999999999997,0.3,1.5,cooperative,deepseek-reasoner,S1,Cola (330ml)
1,2,0.83,1.0,0.95,0.33999999999999997,0.3,1.5,cooperative,deepseek-reasoner,S1,Cola (330ml)
1,3,0.72,0.95,0.88,0.33999999999999997,0.3,1.5,cooperative,deepseek-reasoner,S1,Cola (330ml)
1,4,0.59,0.88,0.8,0.33999999999999997,0.3,1.5,cooperative,deepseek-reasoner,S1,Cola (330ml)
1,5,0.64,0.8,0.72,0.33999999999999997,0.3,1.5,cooperative,deepseek-reasoner,S1,Cola (330ml)
1,6,1.11,0.72,1.11,0.33999999999999997,0.3,1.5,cooperative,deepseek-reasoner,S1,Cola (330ml)
1,7,1.41,1.11,1.41,0.33999999999999997,0.3,1.5,cooperative,deepseek-reasoner,S1,Cola (330ml)
1,8,0.87,1.41,0.87,0.33999999999999997,0.3,1.5,cooperative,deepseek-reasoner,S1,Cola (330ml)
2,2,1.06,1.2,1.12,0.33999999999999997,0.3,1.5,cooperative,deepseek-reasoner,S1,Cola (330ml)
2,3,0.78,1.12,1.0,0.33999999999999997,0.3,1.5,cooperative,deepseek-reasoner,S1,Cola (330ml)
2,4,0.37,1.0,0.95,0.33999999999999997,0.3,1.5,cooperative,deepseek-reasoner,S1,Cola (330ml)
2,5,0.76,0.95,0.9,0.33999999999999997,0.3,1.5,cooperative,deepseek-reasoner,S1,Cola (330ml)
2,6,1.0,0.9,1.0,0.33999999999999997,0.3,1.5,cooperative,deepseek-reasoner,S1,Cola (330ml)
2,7,1.16,1.0,1.16,0.33999999999999997,0.3,1.5,cooperative,deepseek-reasoner,S1,Cola (330ml)
2,8,1.22,1.16,1.22,0.33999999999999997,0.3,1.5,cooperative,deepseek-reasoner,S1,Cola (330ml)
3,2,1.17,1.2,1.17,0.33999999999999997,0.3,1.5,cooperative,deepseek-reasoner,S1,Cola (330ml)
3,3,1.1,1.17,1.14,0.33999999999999997,0.3,1.5,cooperative,deepseek-reasoner,S1,Cola (330ml)
3,4,0.98,1.14,1.1,0.33999999999999997,0.3,1.5,cooperative,deepseek-reasoner,S1,Cola (330ml)
3,5,1.37,1.1,1.37,0.33999999999999997,0.3,1.5,cooperative,deepseek-reasoner,S1,Cola (330ml)
3,6,1.39,1.37,1.39,0.33999999999999997,0.3,1.5,cooperative,deepseek-reasoner,S1,Cola (330ml)
3,7,0.37,1.39,0.8,0.33999999999999997,0.3,1.5,cooperative,deepseek-reasoner,S1,Cola (330ml)
3,8,1.42,0.8,1.42,0.33999999999999997,0.3,1.5,cooperative,deepseek-reasoner,S1,Cola (330ml)
4,2,0.55,1.2,1.0,0.33999999999999997,0.3,1.5,cooperative,deepseek-reasoner,S1,Cola (330ml)
4,3,0.4,1.0,0.8,0.33999999999999997,0.3,1.5,cooperative,deepseek-reasoner,S1,Cola (330ml)
4,4,1.43,0.8,1.1,0.33999999999999997,0.3,1.5,cooperative,deepseek-reasoner,S1,Cola (330ml)
4,5,1.09,1.1,1.09,0.33999999999999997,0.3,1.5,cooperative,deepseek-reasoner,S1,Cola (330ml)
4,6,1.16,1.09,1.16,0.33999999999999997,0.3,1.5,cooperative,deepseek-reasoner,S1,Cola (330ml)
4,7,0.39,1.16,0.7,0.33999999999999997,0.3,1.5,cooperative,deepseek-reasoner,S1,Cola (330ml)
4,8,0.98,0.7,0.98,0.33999999999999997,0.3,1.5,cooperative,deepseek-reasoner,S1,Cola (330ml)
0,2,0.67,1.4,1.35,0.33999999999999997,0.3,1.5,anchor_high,deepseek-reasoner,S1,Cola (330ml)
0,3,0.64,1.35,1.3,0.33999999999999997,0.3,1.5,anchor_high,deepseek-reasoner,S1,Cola (330ml)
0,4,1.08,1.3,1.25,0.33999999999999997,0.3,1.5,anchor_high,deepseek-reasoner,S1,Cola (330ml)
0,5,0.47,1.25,1.2,0.33999999999999997,0.3,1.5,anchor_high,deepseek-reasoner,S1,Cola (330ml)
0,6,1.11,1.2,1.18,0.33999999999999997,0.3,1.5,anchor_high,deepseek-reasoner,S1,Cola (330ml)
0,7,0.83,1.18,1.15,0.33999999999999997,0.3,1.5,anchor_high,deepseek-reasoner,S1,Cola (330ml)
0,8,0.56,1.15,0.85,0.33999999999999997,0.3,1.5,anchor_high,deepseek-reasoner,S1,Cola (330ml)
1,2,0.83,1.3,1.25,0.33999999999999997,0.3,1.5,anchor_high,deepseek-reasoner,S1,Cola (330ml)
1,3,0.72,1.25,1.2,0.33999999999999997,0.3,1.5,anchor_high,deepseek-reasoner,S1,Cola (330ml)
1,4,0.59,1.2,1.15,0.33999999999999997,0.3,1.5,anchor_high,deepseek-reasoner,S1,Cola (330ml)
1,5,0.64,1.15,1.13,0.33999999999999997,0.3,1.5,anchor_high,deepseek-reasoner,S1,Cola (330ml)
1,6,1.11,1.13,1.12,0.33999999999999997,0.3,1.5,anchor_high,deepseek-reasoner,S1,Cola (330ml)
1,7,1.41,1.12,1.41,0.33999999999999997,0.3,1.5,anchor_high,deepseek-reasoner,S1,Cola (330ml)
1,8,0.87,1.41,1.15,0.33999999999999997,0.3,1.5,anchor_high,deepseek-reasoner,S1,Cola (330ml)
2,2,1.06,1.25,1.15,0.33999999999999997,0.3,1.5,anchor_high,deepseek-reasoner,S1,Cola (330ml)
2,3,0.78,1.15,1.1,0.33999999999999997,0.3,1.5,anchor_high,deepseek-reasoner,S1,Cola (330ml)
2,4,0.37,1.1,1.1,0.33999999999999997,0.3,1.5,anchor_high,deepseek-reasoner,S1,Cola (330ml)
2,5,0.76,1.1,1.08,0.33999999999999997,0.3,1.5,anchor_high,deepseek-reasoner,S1,Cola (330ml)
2,6,1.0,1.08,1.05,0.33999999999999997,0.3,1.5,anchor_high,deepseek-reasoner,S1,Cola (330ml)
2,7,1.16,1.05,1.16,0.33999999999999997,0.3,1.5,anchor_high,deepseek-reasoner,S1,Cola (330ml)
2,8,1.22,1.16,1.22,0.33999999999999997,0.3,1.5,anchor_high,deepseek-reasoner,S1,Cola (330ml)
3,4,0.98,1.35,1.3,0.33999999999999997,0.3,1.5,anchor_high,deepseek-reasoner,S1,Cola (330ml)
3,5,1.37,1.3,1.38,0.33999999999999997,0.3,1.5,anchor_high,deepseek-reasoner,S1,Cola (330ml)
3,6,1.39,1.38,1.39,0.33999999999999997,0.3,1.5,anchor_high,deepseek-reasoner,S1,Cola (330ml)
3,7,0.37,1.39,1.25,0.33999999999999997,0.3,1.5,anchor_high,deepseek-reasoner,S1,Cola (330ml)
3,8,1.42,1.25,1.43,0.33999999999999997,0.3,1.5,anchor_high,deepseek-reasoner,S1,Cola (330ml)
4,2,0.55,1.4,1.35,0.33999999999999997,0.3,1.5,anchor_high,deepseek-reasoner,S1,Cola (330ml)
4,3,0.4,1.35,1.3,0.33999999999999997,0.3,1.5,anchor_high,deepseek-reasoner,S1,Cola (330ml)
4,4,1.43,1.3,1.45,0.33999999999999997,0.3,1.5,anchor_high,deepseek-reasoner,S1,Cola (330ml)
4,5,1.09,1.45,1.25,0.33999999999999997,0.3,1.5,anchor_high,deepseek-reasoner,S1,Cola (330ml)
4,6,1.16,1.25,1.22,0.33999999999999997,0.3,1.5,anchor_high,deepseek-reasoner,S1,Cola (330ml)
4,7,0.39,1.22,1.2,0.33999999999999997,0.3,1.5,anchor_high,deepseek-reasoner,S1,Cola (330ml)
4,8,0.98,1.2,1.1,0.33999999999999997,0.3,1.5,anchor_high,deepseek-reasoner,S1,Cola (330ml)
0,2,0.67,1.35,1.2,0.33999999999999997,0.3,1.5,gradual_conceder,deepseek-reasoner,S1,Cola (330ml)
0,3,0.64,1.2,1.05,0.33999999999999997,0.3,1.5,gradual_conceder,deepseek-reasoner,S1,Cola (330ml)
0,4,1.08,1.05,1.09,0.33999999999999997,0.3,1.5,gradual_conceder,deepseek-reasoner,S1,Cola (330ml)
0,5,0.47,1.09,0.95,0.33999999999999997,0.3,1.5,gradual_conceder,deepseek-reasoner,S1,Cola (330ml)
0,6,1.11,0.95,1.15,0.33999999999999997,0.3,1.5,gradual_conceder,deepseek-reasoner,S1,Cola (330ml)
0,7,0.83,1.15,0.92,0.33999999999999997,0.3,1.5,gradual_conceder,deepseek-reasoner,S1,Cola (330ml)
0,8,0.56,0.92,0.85,0.33999999999999997,0.3,1.5,gradual_conceder,deepseek-reasoner,S1,Cola (330ml)
1,2,0.83,1.3,1.2,0.33999999999999997,0.3,1.5,gradual_conceder,deepseek-reasoner,S1,Cola (330ml)
1,3,0.72,1.2,1.15,0.33999999999999997,0.3,1.5,gradual_conceder,deepseek-reasoner,S1,Cola (330ml)
1,4,0.59,1.15,1.1,0.33999999999999997,0.3,1.5,gradual_conceder,deepseek-reasoner,S1,Cola (330ml)
1,5,0.64,1.1,1.05,0.33999999999999997,0.3,1.5,gradual_conceder,deepseek-reasoner,S1,Cola (330ml)
1,6,1.11,1.05,1.12,0.33999999999999997,0.3,1.5,gradual_conceder,deepseek-reasoner,S1,Cola (330ml)
1,7,1.41,1.12,1.41,0.33999999999999997,0.3,1.5,gradual_conceder,deepseek-reasoner,S1,Cola (330ml)
1,8,0.87,1.41,0.95,0.33999999999999997,0.3,1.5,gradual_conceder,deepseek-reasoner,S1,Cola (330ml)
2,2,1.06,1.1,1.08,0.33999999999999997,0.3,1.5,gradual_conceder,deepseek-reasoner,S1,Cola (330ml)
2,3,0.78,1.08,1.05,0.33999999999999997,0.3,1.5,gradual_conceder,deepseek-reasoner,S1,Cola (330ml)
2,4,0.37,1.05,1.0,0.33999999999999997,0.3,1.5,gradual_conceder,deepseek-reasoner,S1,Cola (330ml)
2,5,0.76,1.0,0.95,0.33999999999999997,0.3,1.5,gradual_conceder,deepseek-reasoner,S1,Cola (330ml)
2,6,1.0,0.95,1.0,0.33999999999999997,0.3,1.5,gradual_conceder,deepseek-reasoner,S1,Cola (330ml)
2,7,1.16,1.0,1.16,0.33999999999999997,0.3,1.5,gradual_conceder,deepseek-reasoner,S1,Cola (330ml)
2,8,1.22,1.16,1.22,0.33999999999999997,0.3,1.5,gradual_conceder,deepseek-reasoner,S1,Cola (330ml)
3,2,1.17,1.35,1.3,0.33999999999999997,0.3,1.5,gradual_conceder,deepseek-reasoner,S1,Cola (330ml)
3,3,1.1,1.3,1.25,0.33999999999999997,0.3,1.5,gradual_conceder,deepseek-reasoner,S1,Cola (330ml)
3,4,0.98,1.25,1.23,0.33999999999999997,0.3,1.5,gradual_conceder,deepseek-reasoner,S1,Cola (330ml)
3,5,1.37,1.23,1.37,0.33999999999999997,0.3,1.5,gradual_conceder,deepseek-reasoner,S1,Cola (330ml)
3,6,1.39,1.37,1.39,0.33999999999999997,0.3,1.5,gradual_conceder,deepseek-reasoner,S1,Cola (330ml)
3,7,0.37,1.39,1.2,0.33999999999999997,0.3,1.5,gradual_conceder,deepseek-reasoner,S1,Cola (330ml)
3,8,1.42,1.2,1.42,0.33999999999999997,0.3,1.5,gradual_conceder,deepseek-reasoner,S1,Cola (330ml)
4,2,0.55,1.25,1.15,0.33999999999999997,0.3,1.5,gradual_conceder,deepseek-reasoner,S1,Cola (330ml)
4,3,0.4,1.15,1.05,0.33999999999999997,0.3,1.5,gradual_conceder,deepseek-reasoner,S1,Cola (330ml)
4,4,1.43,1.05,1.43,0.33999999999999997,0.3,1.5,gradual_conceder,deepseek-reasoner,S1,Cola (330ml)
4,5,1.09,1.43,1.3,0.33999999999999997,0.3,1.5,gradual_conceder,deepseek-reasoner,S1,Cola (330ml)
4,6,1.16,1.3,1.2,0.33999999999999997,0.3,1.5,gradual_conceder,deepseek-reasoner,S1,Cola (330ml)
4,7,0.39,1.2,1.2,0.33999999999999997,0.3,1.5,gradual_conceder,deepseek-reasoner,S1,Cola (330ml)
4,8,0.98,1.2,1.1,0.33999999999999997,0.3,1.5,gradual_conceder,deepseek-reasoner,S1,Cola (330ml)
0,2,0.67,1.3,1.2,0.33999999999999997,0.3,1.5,tit_for_tat_matcher,deepseek-reasoner,S1,Cola (330ml)
0,3,0.64,1.2,1.15,0.33999999999999997,0.3,1.5,tit_for_tat_matcher,deepseek-reasoner,S1,Cola (330ml)
0,4,1.08,1.15,1.1,0.33999999999999997,0.3,1.5,tit_for_tat_matcher,deepseek-reasoner,S1,Cola (330ml)
0,5,0.47,1.1,1.1,0.33999999999999997,0.3,1.5,tit_for_tat_matcher,deepseek-reasoner,S1,Cola (330ml)
0,6,1.11,1.1,1.11,0.33999999999999997,0.3,1.5,tit_for_tat_matcher,deepseek-reasoner,S1,Cola (330ml)
0,7,0.83,1.11,1.1,0.33999999999999997,0.3,1.5,tit_for_tat_matcher,deepseek-reasoner,S1,Cola (330ml)
0,8,0.56,1.1,0.9,0.33999999999999997,0.3,1.5,tit_for_tat_matcher,deepseek-reasoner,S1,Cola (330ml)
1,2,0.83,1.2,1.05,0.33999999999999997,0.3,1.5,tit_for_tat_matcher,deepseek-reasoner,S1,Cola (330ml)
1,3,0.72,1.05,1.0,0.33999999999999997,0.3,1.5,tit_for_tat_matcher,deepseek-reasoner,S1,Cola (330ml)
1,4,0.59,1.0,1.0,0.33999999999999997,0.3,1.5,tit_for_tat_matcher,deepseek-reasoner,S1,Cola (330ml)
1,5,0.64,1.0,1.0,0.33999999999999997,0.3,1.5,tit_for_tat_matcher,deepseek-reasoner,S1,Cola (330ml)
1,6,1.11,1.0,1.1,0.33999999999999997,0.3,1.5,tit_for_tat_matcher,deepseek-reasoner,S1,Cola (330ml)
1,7,1.41,1.1,1.41,0.33999999999999997,0.3,1.5,tit_for_tat_matcher,deepseek-reasoner,S1,Cola (330ml)
1,8,0.87,1.41,0.95,0.33999999999999997,0.3,1.5,tit_for_tat_matcher,deepseek-reasoner,S1,Cola (330ml)
2,2,1.06,1.15,1.1,0.33999999999999997,0.3,1.5,tit_for_tat_matcher,deepseek-reasoner,S1,Cola (330ml)
2,3,0.78,1.1,1.09,0.33999999999999997,0.3,1.5,tit_for_tat_matcher,deepseek-reasoner,S1,Cola (330ml)
2,4,0.37,1.09,1.08,0.33999999999999997,0.3,1.5,tit_for_tat_matcher,deepseek-reasoner,S1,Cola (330ml)
2,5,0.76,1.08,1.07,0.33999999999999997,0.3,1.5,tit_for_tat_matcher,deepseek-reasoner,S1,Cola (330ml)
2,6,1.0,1.07,1.06,0.33999999999999997,0.3,1.5,tit_for_tat_matcher,deepseek-reasoner,S1,Cola (330ml)
2,7,1.16,1.06,1.15,0.33999999999999997,0.3,1.5,tit_for_tat_matcher,deepseek-reasoner,S1,Cola (330ml)
2,8,1.22,1.15,1.22,0.33999999999999997,0.3,1.5,tit_for_tat_matcher,deepseek-reasoner,S1,Cola (330ml)
3,2,1.17,1.3,1.25,0.33999999999999997,0.3,1.5,tit_for_tat_matcher,deepseek-reasoner,S1,Cola (330ml)
3,3,1.1,1.25,1.23,0.33999999999999997,0.3,1.5,tit_for_tat_matcher,deepseek-reasoner,S1,Cola (330ml)
3,4,0.98,1.23,1.22,0.33999999999999997,0.3,1.5,tit_for_tat_matcher,deepseek-reasoner,S1,Cola (330ml)
3,5,1.37,1.22,1.37,0.33999999999999997,0.3,1.5,tit_for_tat_matcher,deepseek-reasoner,S1,Cola (330ml)
3,6,1.39,1.37,1.39,0.33999999999999997,0.3,1.5,tit_for_tat_matcher,deepseek-reasoner,S1,Cola (330ml)
3,7,0.37,1.39,1.2,0.33999999999999997,0.3,1.5,tit_for_tat_matcher,deepseek-reasoner,S1,Cola (330ml)
3,8,1.42,1.2,1.42,0.33999999999999997,0.3,1.5,tit_for_tat_matcher,deepseek-reasoner,S1,Cola (330ml)
4,2,0.55,1.25,1.2,0.33999999999999997,0.3,1.5,tit_for_tat_matcher,deepseek-reasoner,S1,Cola (330ml)
4,3,0.4,1.2,1.15,0.33999999999999997,0.3,1.5,tit_for_tat_matcher,deepseek-reasoner,S1,Cola (330ml)
4,4,1.43,1.15,1.05,0.33999999999999997,0.3,1.5,tit_for_tat_matcher,deepseek-reasoner,S1,Cola (330ml)
4,5,1.09,1.05,1.07,0.33999999999999997,0.3,1.5,tit_for_tat_matcher,deepseek-reasoner,S1,Cola (330ml)
4,6,1.16,1.07,1.12,0.33999999999999997,0.3,1.5,tit_for_tat_matcher,deepseek-reasoner,S1,Cola (330ml)
4,7,0.39,1.12,1.12,0.33999999999999997,0.3,1.5,tit_for_tat_matcher,deepseek-reasoner,S1,Cola (330ml)
4,8,0.98,1.12,1.0,0.33999999999999997,0.3,1.5,tit_for_tat_matcher,deepseek-reasoner,S1,Cola (330ml)
0,2,0.67,1.25,1.0,0.33999999999999997,0.3,1.5,fairness_responder,deepseek-reasoner,S1,Cola (330ml)
0,3,0.64,1.0,0.9,0.33999999999999997,0.3,1.5,fairness_responder,deepseek-reasoner,S1,Cola (330ml)
0,4,1.08,0.9,1.08,0.33999999999999997,0.3,1.5,fairness_responder,deepseek-reasoner,S1,Cola (330ml)
0,5,0.47,1.08,1.08,0.33999999999999997,0.3,1.5,fairness_responder,deepseek-reasoner,S1,Cola (330ml)
0,6,1.11,1.08,1.11,0.33999999999999997,0.3,1.5,fairness_responder,deepseek-reasoner,S1,Cola (330ml)
0,7,0.83,1.11,0.95,0.33999999999999997,0.3,1.5,fairness_responder,deepseek-reasoner,S1,Cola (330ml)
0,8,0.56,0.95,0.85,0.33999999999999997,0.3,1.5,fairness_responder,deepseek-reasoner,S1,Cola (330ml)
1,2,0.83,0.85,0.84,0.33999999999999997,0.3,1.5,fairness_responder,deepseek-reasoner,S1,Cola (330ml)
1,3,0.72,0.84,0.78,0.33999999999999997,0.3,1.5,fairness_responder,deepseek-reasoner,S1,Cola (330ml)
1,4,0.59,0.78,0.75,0.33999999999999997,0.3,1.5,fairness_responder,deepseek-reasoner,S1,Cola (330ml)
1,5,0.64,0.75,0.7,0.33999999999999997,0.3,1.5,fairness_responder,deepseek-reasoner,S1,Cola (330ml)
1,6,1.11,0.7,1.11,0.33999999999999997,0.3,1.5,fairness_responder,deepseek-reasoner,S1,Cola (330ml)
1,7,1.41,1.11,1.41,0.33999999999999997,0.3,1.5,fairness_responder,deepseek-reasoner,S1,Cola (330ml)
1,8,0.87,1.41,0.87,0.33999999999999997,0.3,1.5,fairness_responder,deepseek-reasoner,S1,Cola (330ml)
2,2,1.06,0.85,1.2,0.33999999999999997,0.3,1.5,fairness_responder,deepseek-reasoner,S1,Cola (330ml)
2,3,0.78,1.2,1.1,0.33999999999999997,0.3,1.5,fairness_responder,deepseek-reasoner,S1,Cola (330ml)
2,4,0.37,1.1,1.05,0.33999999999999997,0.3,1.5,fairness_responder,deepseek-reasoner,S1,Cola (330ml)
2,5,0.76,1.05,0.95,0.33999999999999997,0.3,1.5,fairness_responder,deepseek-reasoner,S1,Cola (330ml)
2,6,1.0,0.95,1.0,0.33999999999999997,0.3,1.5,fairness_responder,deepseek-reasoner,S1,Cola (330ml)
2,7,1.16,1.0,1.16,0.33999999999999997,0.3,1.5,fairness_responder,deepseek-reasoner,S1,Cola (330ml)
2,8,1.22,1.16,1.22,0.33999999999999997,0.3,1.5,fairness_responder,deepseek-reasoner,S1,Cola (330ml)
3,2,1.17,1.2,1.19,0.33999999999999997,0.3,1.5,fairness_responder,deepseek-reasoner,S1,Cola (330ml)
3,3,1.1,1.19,1.18,0.33999999999999997,0.3,1.5,fairness_responder,deepseek-reasoner,S1,Cola (330ml)
3,4,0.98,1.18,1.17,0.33999999999999997,0.3,1.5,fairness_responder,deepseek-reasoner,S1,Cola (330ml)
3,5,1.37,1.17,1.37,0.33999999999999997,0.3,1.5,fairness_responder,deepseek-reasoner,S1,Cola (330ml)
3,6,1.39,1.37,1.39,0.33999999999999997,0.3,1.5,fairness_responder,deepseek-reasoner,S1,Cola (330ml)
3,7,0.37,1.39,1.35,0.33999999999999997,0.3,1.5,fairness_responder,deepseek-reasoner,S1,Cola (330ml)
3,8,1.42,1.35,1.42,0.33999999999999997,0.3,1.5,fairness_responder,deepseek-reasoner,S1,Cola (330ml)
4,2,0.55,1.2,1.0,0.33999999999999997,0.3,1.5,fairness_responder,deepseek-reasoner,S1,Cola (330ml)
4,3,0.4,1.0,0.9,0.33999999999999997,0.3,1.5,fairness_responder,deepseek-reasoner,S1,Cola (330ml)
4,4,1.43,0.9,1.43,0.33999999999999997,0.3,1.5,fairness_responder,deepseek-reasoner,S1,Cola (330ml)
4,5,1.09,1.43,1.09,0.33999999999999997,0.3,1.5,fairness_responder,deepseek-reasoner,S1,Cola (330ml)
4,6,1.16,1.09,1.16,0.33999999999999997,0.3,1.5,fairness_responder,deepseek-reasoner,S1,Cola (330ml)
4,7,0.39,1.16,0.8,0.33999999999999997,0.3,1.5,fairness_responder,deepseek-reasoner,S1,Cola (330ml)
4,8,0.98,0.8,0.98,0.33999999999999997,0.3,1.5,fairness_responder,deepseek-reasoner,S1,Cola (330ml)
0,2,0.67,1.35,1.25,0.33999999999999997,0.3,1.5,walk_away_shutdown,deepseek-reasoner,S1,Cola (330ml)
0,3,0.64,1.25,1.2,0.33999999999999997,0.3,1.5,walk_away_shutdown,deepseek-reasoner,S1,Cola (330ml)
0,4,1.08,1.2,1.15,0.33999999999999997,0.3,1.5,walk_away_shutdown,deepseek-reasoner,S1,Cola (330ml)
0,5,0.47,1.15,1.1,0.33999999999999997,0.3,1.5,walk_away_shutdown,deepseek-reasoner,S1,Cola (330ml)
0,6,1.11,1.1,1.12,0.33999999999999997,0.3,1.5,walk_away_shutdown,deepseek-reasoner,S1,Cola (330ml)
0,7,0.83,1.12,1.1,0.33999999999999997,0.3,1.5,walk_away_shutdown,deepseek-reasoner,S1,Cola (330ml)
0,8,0.56,1.1,0.56,0.33999999999999997,0.3,1.5,walk_away_shutdown,deepseek-reasoner,S1,Cola (330ml)
1,2,0.83,1.1,1.08,0.33999999999999997,0.3,1.5,walk_away_shutdown,deepseek-reasoner,S1,Cola (330ml)
1,3,0.72,1.08,1.05,0.33999999999999997,0.3,1.5,walk_away_shutdown,deepseek-reasoner,S1,Cola (330ml)
1,4,0.59,1.05,1.0,0.33999999999999997,0.3,1.5,walk_away_shutdown,deepseek-reasoner,S1,Cola (330ml)
1,5,0.64,1.0,0.95,0.33999999999999997,0.3,1.5,walk_away_shutdown,deepseek-reasoner,S1,Cola (330ml)
1,6,1.11,0.95,1.11,0.33999999999999997,0.3,1.5,walk_away_shutdown,deepseek-reasoner,S1,Cola (330ml)
1,7,1.41,1.11,1.41,0.33999999999999997,0.3,1.5,walk_away_shutdown,deepseek-reasoner,S1,Cola (330ml)
1,8,0.87,1.41,0.87,0.33999999999999997,0.3,1.5,walk_away_shutdown,deepseek-reasoner,S1,Cola (330ml)
2,2,1.06,0.95,1.06,0.33999999999999997,0.3,1.5,walk_away_shutdown,deepseek-reasoner,S1,Cola (330ml)
2,3,0.78,1.06,1.06,0.33999999999999997,0.3,1.5,walk_away_shutdown,deepseek-reasoner,S1,Cola (330ml)
2,4,0.37,1.06,1.06,0.33999999999999997,0.3,1.5,walk_away_shutdown,deepseek-reasoner,S1,Cola (330ml)
2,5,0.76,1.06,1.06,0.33999999999999997,0.3,1.5,walk_away_shutdown,deepseek-reasoner,S1,Cola (330ml)
2,6,1.0,1.06,1.06,0.33999999999999997,0.3,1.5,walk_away_shutdown,deepseek-reasoner,S1,Cola (330ml)
2,7,1.16,1.06,1.16,0.33999999999999997,0.3,1.5,walk_away_shutdown,deepseek-reasoner,S1,Cola (330ml)
2,8,1.22,1.16,1.22,0.33999999999999997,0.3,1.5,walk_away_shutdown,deepseek-reasoner,S1,Cola (330ml)
3,2,1.17,1.3,1.25,0.33999999999999997,0.3,1.5,walk_away_shutdown,deepseek-reasoner,S1,Cola (330ml)
3,3,1.1,1.25,1.2,0.33999999999999997,0.3,1.5,walk_away_shutdown,deepseek-reasoner,S1,Cola (330ml)
3,4,0.98,1.2,1.2,0.33999999999999997,0.3,1.5,walk_away_shutdown,deepseek-reasoner,S1,Cola (330ml)
3,5,1.37,1.2,1.37,0.33999999999999997,0.3,1.5,walk_away_shutdown,deepseek-reasoner,S1,Cola (330ml)
3,6,1.39,1.37,1.39,0.33999999999999997,0.3,1.5,walk_away_shutdown,deepseek-reasoner,S1,Cola (330ml)
3,7,0.37,1.39,0.0,0.33999999999999997,0.3,1.5,walk_away_shutdown,deepseek-reasoner,S1,Cola (330ml)
3,8,1.42,0.0,1.42,0.33999999999999997,0.3,1.5,walk_away_shutdown,deepseek-reasoner,S1,Cola (330ml)
4,2,0.55,1.25,1.25,0.33999999999999997,0.3,1.5,walk_away_shutdown,deepseek-reasoner,S1,Cola (330ml)
4,3,0.4,1.25,1.25,0.33999999999999997,0.3,1.5,walk_away_shutdown,deepseek-reasoner,S1,Cola (330ml)
4,4,1.43,1.25,1.45,0.33999999999999997,0.3,1.5,walk_away_shutdown,deepseek-reasoner,S1,Cola (330ml)
4,5,1.09,1.45,1.35,0.33999999999999997,0.3,1.5,walk_away_shutdown,deepseek-reasoner,S1,Cola (330ml)
4,6,1.16,1.35,1.25,0.33999999999999997,0.3,1.5,walk_away_shutdown,deepseek-reasoner,S1,Cola (330ml)
4,7,0.39,1.25,1.25,0.33999999999999997,0.3,1.5,walk_away_shutdown,deepseek-reasoner,S1,Cola (330ml)
4,8,0.98,1.25,1.25,0.33999999999999997,0.3,1.5,walk_away_shutdown,deepseek-reasoner,S1,Cola (330ml)
