tag,side,scheme,policy,vehicle_idx,n_runs,n_turns,src_path
user_A_busy_impatient_closer_v1,user,A,busy_impatient_closer,0,50,314,results\user_A_busy_impatient_closer_v1.json
user_A_busy_impatient_closer_v2,user,A,busy_impatient_closer,1,50,416,results\user_A_busy_impatient_closer_v2.json
user_A_busy_impatient_closer_v3,user,A,busy_impatient_closer,2,50,370,results\user_A_busy_impatient_closer_v3.json
user_A_busy_impatient_closer_v4,user,A,busy_impatient_closer,3,50,348,results\user_A_busy_impatient_closer_v4.json
user_A_busy_impatient_closer_v5,user,A,busy_impatient_closer,4,50,487,results\user_A_busy_impatient_closer_v5.json
user_A_friendly_rapport_builder_v1,user,A,friendly_rapport_builder,0,50,300,results\user_A_friendly_rapport_builder_v1.json
user_A_friendly_rapport_builder_v2,user,A,friendly_rapport_builder,1,50,399,results\user_A_friendly_rapport_builder_v2.json
user_A_friendly_rapport_builder_v3,user,A,friendly_rapport_builder,2,50,328,results\user_A_friendly_rapport_builder_v3.json
user_A_friendly_rapport_builder_v4,user,A,friendly_rapport_builder,3,50,385,results\user_A_friendly_rapport_builder_v4.json
user_A_friendly_rapport_builder_v5,user,A,friendly_rapport_builder,4,50,519,results\user_A_friendly_rapport_builder_v5.json
user_A_market_expert_value_justifier_v1,user,A,market_expert_value_justifier,0,50,328,results\user_A_market_expert_value_justifier_v1.json
user_A_market_expert_value_justifier_v2,user,A,market_expert_value_justifier,1,50,403,results\user_A_market_expert_value_justifier_v2.json
user_A_market_expert_value_justifier_v3,user,A,market_expert_value_justifier,2,50,344,results\user_A_market_expert_value_justifier_v3.json
user_A_market_expert_value_justifier_v4,user,A,market_expert_value_justifier,3,50,360,results\user_A_market_expert_value_justifier_v4.json
user_A_market_expert_value_justifier_v5,user,A,market_expert_value_justifier,4,50,466,results\user_A_market_expert_value_justifier_v5.json
user_A_opponent_aware_diagnostic_v1,user,A,opponent_aware_diagnostic,0,50,384,results\user_A_opponent_aware_diagnostic_v1.json
user_A_opponent_aware_diagnostic_v2,user,A,opponent_aware_diagnostic,1,50,417,results\user_A_opponent_aware_diagnostic_v2.json
user_A_opponent_aware_diagnostic_v3,user,A,opponent_aware_diagnostic,2,50,312,results\user_A_opponent_aware_diagnostic_v3.json
user_A_opponent_aware_diagnostic_v4,user,A,opponent_aware_diagnostic,3,50,344,results\user_A_opponent_aware_diagnostic_v4.json
user_A_opponent_aware_diagnostic_v5,user,A,opponent_aware_diagnostic,4,50,503,results\user_A_opponent_aware_diagnostic_v5.json
user_A_patient_value_defender_v1,user,A,patient_value_defender,0,50,401,results\user_A_patient_value_defender_v1.json
user_A_patient_value_defender_v2,user,A,patient_value_defender,1,50,424,results\user_A_patient_value_defender_v2.json
user_A_patient_value_defender_v3,user,A,patient_value_defender,2,50,376,results\user_A_patient_value_defender_v3.json
user_A_patient_value_defender_v4,user,A,patient_value_defender,3,50,393,results\user_A_patient_value_defender_v4.json
user_A_patient_value_defender_v5,user,A,patient_value_defender,4,50,474,results\user_A_patient_value_defender_v5.json
user_A_reciprocal_fairness_keeper_v1,user,A,reciprocal_fairness_keeper,0,50,470,results\user_A_reciprocal_fairness_keeper_v1.json
user_A_reciprocal_fairness_keeper_v2,user,A,reciprocal_fairness_keeper,1,50,412,results\user_A_reciprocal_fairness_keeper_v2.json
user_A_reciprocal_fairness_keeper_v3,user,A,reciprocal_fairness_keeper,2,50,414,results\user_A_reciprocal_fairness_keeper_v3.json
user_A_reciprocal_fairness_keeper_v4,user,A,reciprocal_fairness_keeper,3,50,453,results\user_A_reciprocal_fairness_keeper_v4.json
user_A_reciprocal_fairness_keeper_v5,user,A,reciprocal_fairness_keeper,4,50,434,results\user_A_reciprocal_fairness_keeper_v5.json
user_B_busy_impatient_closer_v1,user,B,busy_impatient_closer,0,50,326,results\user_B_busy_impatient_closer_v1.json
user_B_busy_impatient_closer_v2,user,B,busy_impatient_closer,1,50,520,results\user_B_busy_impatient_closer_v2.json
user_B_busy_impatient_closer_v3,user,B,busy_impatient_closer,2,50,403,results\user_B_busy_impatient_closer_v3.json
user_B_busy_impatient_closer_v4,user,B,busy_impatient_closer,3,50,448,results\user_B_busy_impatient_closer_v4.json
user_B_busy_impatient_closer_v5,user,B,busy_impatient_closer,4,50,555,results\user_B_busy_impatient_closer_v5.json
user_B_friendly_rapport_builder_v1,user,B,friendly_rapport_builder,0,50,331,results\user_B_friendly_rapport_builder_v1.json
user_B_friendly_rapport_builder_v2,user,B,friendly_rapport_builder,1,50,515,results\user_B_friendly_rapport_builder_v2.json
user_B_friendly_rapport_builder_v3,user,B,friendly_rapport_builder,2,50,333,results\user_B_friendly_rapport_builder_v3.json
user_B_friendly_rapport_builder_v4,user,B,friendly_rapport_builder,3,50,475,results\user_B_friendly_rapport_builder_v4.json
user_B_friendly_rapport_builder_v5,user,B,friendly_rapport_builder,4,50,564,results\user_B_friendly_rapport_builder_v5.json
user_B_market_expert_value_justifier_v1,user,B,market_expert_value_justifier,0,50,356,results\user_B_market_expert_value_justifier_v1.json
user_B_market_expert_value_justifier_v2,user,B,market_expert_value_justifier,1,50,471,results\user_B_market_expert_value_justifier_v2.json
user_B_market_expert_value_justifier_v3,user,B,market_expert_value_justifier,2,50,394,results\user_B_market_expert_value_justifier_v3.json
user_B_market_expert_value_justifier_v4,user,B,market_expert_value_justifier,3,50,462,results\user_B_market_expert_value_justifier_v4.json
user_B_market_expert_value_justifier_v5,user,B,market_expert_value_justifier,4,50,540,results\user_B_market_expert_value_justifier_v5.json
user_B_opponent_aware_diagnostic_v1,user,B,opponent_aware_diagnostic,0,50,369,results\user_B_opponent_aware_diagnostic_v1.json
user_B_opponent_aware_diagnostic_v2,user,B,opponent_aware_diagnostic,1,50,454,results\user_B_opponent_aware_diagnostic_v2.json
user_B_opponent_aware_diagnostic_v3,user,B,opponent_aware_diagnostic,2,50,385,results\user_B_opponent_aware_diagnostic_v3.json
user_B_opponent_aware_diagnostic_v4,user,B,opponent_aware_diagnostic,3,50,425,results\user_B_opponent_aware_diagnostic_v4.json
user_B_opponent_aware_diagnostic_v5,user,B,opponent_aware_diagnostic,4,50,552,results\user_B_opponent_aware_diagnostic_v5.json
user_B_patient_value_defender_v1,user,B,patient_value_defender,0,50,356,results\user_B_patient_value_defender_v1.json
user_B_patient_value_defender_v2,user,B,patient_value_defender,1,50,433,results\user_B_patient_value_defender_v2.json
user_B_patient_value_defender_v3,user,B,patient_value_defender,2,50,428,results\user_B_patient_value_defender_v3.json
user_B_patient_value_defender_v4,user,B,patient_value_defender,3,50,454,results\user_B_patient_value_defender_v4.json
user_B_patient_value_defender_v5,user,B,patient_value_defender,4,50,506,results\user_B_patient_value_defender_v5.json
user_B_reciprocal_fairness_keeper_v1,user,B,reciprocal_fairness_keeper,0,50,357,results\user_B_reciprocal_fairness_keeper_v1.json
user_B_reciprocal_fairness_keeper_v2,user,B,reciprocal_fairness_keeper,1,50,496,results\user_B_reciprocal_fairness_keeper_v2.json
user_B_reciprocal_fairness_keeper_v3,user,B,reciprocal_fairness_keeper,2,50,422,results\user_B_reciprocal_fairness_keeper_v3.json
user_B_reciprocal_fairness_keeper_v4,user,B,reciprocal_fairness_keeper,3,50,458,results\user_B_reciprocal_fairness_keeper_v4.json
user_B_reciprocal_fairness_keeper_v5,user,B,reciprocal_fairness_keeper,4,50,578,results\user_B_reciprocal_fairness_keeper_v5.json
coop_C_busy_impatient_closer_v1,cooperator,C,busy_impatient_closer,0,50,243,coop_results\coop_C_busy_impatient_closer_v1.json
coop_C_busy_impatient_closer_v2,cooperator,C,busy_impatient_closer,1,50,442,coop_results\coop_C_busy_impatient_closer_v2.json
coop_C_busy_impatient_closer_v3,cooperator,C,busy_impatient_closer,2,50,556,coop_results\coop_C_busy_impatient_closer_v3.json
coop_C_busy_impatient_closer_v4,cooperator,C,busy_impatient_closer,3,50,600,coop_results\coop_C_busy_impatient_closer_v4.json
coop_C_busy_impatient_closer_v5,cooperator,C,busy_impatient_closer,4,50,600,coop_results\coop_C_busy_impatient_closer_v5.json
coop_C_friendly_rapport_builder_v1,cooperator,C,friendly_rapport_builder,0,50,265,coop_results\coop_C_friendly_rapport_builder_v1.json
coop_C_friendly_rapport_builder_v2,cooperator,C,friendly_rapport_builder,1,50,417,coop_results\coop_C_friendly_rapport_builder_v2.json
coop_C_friendly_rapport_builder_v3,cooperator,C,friendly_rapport_builder,2,50,580,coop_results\coop_C_friendly_rapport_builder_v3.json
coop_C_friendly_rapport_builder_v4,cooperator,C,friendly_rapport_builder,3,50,600,coop_results\coop_C_friendly_rapport_builder_v4.json
coop_C_friendly_rapport_builder_v5,cooperator,C,friendly_rapport_builder,4,50,600,coop_results\coop_C_friendly_rapport_builder_v5.json
coop_C_market_expert_value_justifier_v1,cooperator,C,market_expert_value_justifier,0,50,242,coop_results\coop_C_market_expert_value_justifier_v1.json
coop_C_market_expert_value_justifier_v2,cooperator,C,market_expert_value_justifier,1,50,438,coop_results\coop_C_market_expert_value_justifier_v2.json
coop_C_market_expert_value_justifier_v3,cooperator,C,market_expert_value_justifier,2,50,588,coop_results\coop_C_market_expert_value_justifier_v3.json
coop_C_market_expert_value_justifier_v4,cooperator,C,market_expert_value_justifier,3,50,600,coop_results\coop_C_market_expert_value_justifier_v4.json
coop_C_market_expert_value_justifier_v5,cooperator,C,market_expert_value_justifier,4,50,600,coop_results\coop_C_market_expert_value_justifier_v5.json
coop_C_opponent_aware_diagnostic_v1,cooperator,C,opponent_aware_diagnostic,0,50,234,coop_results\coop_C_opponent_aware_diagnostic_v1.json
coop_C_opponent_aware_diagnostic_v2,cooperator,C,opponent_aware_diagnostic,1,50,457,coop_results\coop_C_opponent_aware_diagnostic_v2.json
coop_C_opponent_aware_diagnostic_v3,cooperator,C,opponent_aware_diagnostic,2,50,558,coop_results\coop_C_opponent_aware_diagnostic_v3.json
coop_C_opponent_aware_diagnostic_v4,cooperator,C,opponent_aware_diagnostic,3,50,600,coop_results\coop_C_opponent_aware_diagnostic_v4.json
coop_C_opponent_aware_diagnostic_v5,cooperator,C,opponent_aware_diagnostic,4,50,600,coop_results\coop_C_opponent_aware_diagnostic_v5.json
coop_C_patient_value_defender_v1,cooperator,C,patient_value_defender,0,50,251,coop_results\coop_C_patient_value_defender_v1.json
coop_C_patient_value_defender_v2,cooperator,C,patient_value_defender,1,50,392,coop_results\coop_C_patient_value_defender_v2.json
coop_C_patient_value_defender_v3,cooperator,C,patient_value_defender,2,50,575,coop_results\coop_C_patient_value_defender_v3.json
coop_C_patient_value_defender_v4,cooperator,C,patient_value_defender,3,50,600,coop_results\coop_C_patient_value_defender_v4.json
coop_C_patient_value_defender_v5,cooperator,C,patient_value_defender,4,50,600,coop_results\coop_C_patient_value_defender_v5.json
coop_C_reciprocal_fairness_keeper_v1,cooperator,C,reciprocal_fairness_keeper,0,50,226,coop_results\coop_C_reciprocal_fairness_keeper_v1.json
coop_C_reciprocal_fairness_keeper_v2,cooperator,C,reciprocal_fairness_keeper,1,50,411,coop_results\coop_C_reciprocal_fairness_keeper_v2.json
coop_C_reciprocal_fairness_keeper_v3,cooperator,C,reciprocal_fairness_keeper,2,50,539,coop_results\coop_C_reciprocal_fairness_keeper_v3.json
coop_C_reciprocal_fairness_keeper_v4,cooperator,C,reciprocal_fairness_keeper,3,50,599,coop_results\coop_C_reciprocal_fairness_keeper_v4.json
coop_C_reciprocal_fairness_keeper_v5,cooperator,C,reciprocal_fairness_keeper,4,50,600,coop_results\coop_C_reciprocal_fairness_keeper_v5.json
coop_D_busy_impatient_closer_v1,cooperator,D,busy_impatient_closer,0,50,162,coop_results\coop_D_busy_impatient_closer_v1.json
coop_D_busy_impatient_closer_v2,cooperator,D,busy_impatient_closer,1,50,233,coop_results\coop_D_busy_impatient_closer_v2.json
coop_D_busy_impatient_closer_v3,cooperator,D,busy_impatient_closer,2,50,352,coop_results\coop_D_busy_impatient_closer_v3.json
coop_D_busy_impatient_closer_v4,cooperator,D,busy_impatient_closer,3,50,448,coop_results\coop_D_busy_impatient_closer_v4.json
coop_D_busy_impatient_closer_v5,cooperator,D,busy_impatient_closer,4,50,521,coop_results\coop_D_busy_impatient_closer_v5.json
coop_D_friendly_rapport_builder_v1,cooperator,D,friendly_rapport_builder,0,50,164,coop_results\coop_D_friendly_rapport_builder_v1.json
coop_D_friendly_rapport_builder_v2,cooperator,D,friendly_rapport_builder,1,50,245,coop_results\coop_D_friendly_rapport_builder_v2.json
coop_D_friendly_rapport_builder_v3,cooperator,D,friendly_rapport_builder,2,50,334,coop_results\coop_D_friendly_rapport_builder_v3.json
coop_D_friendly_rapport_builder_v4,cooperator,D,friendly_rapport_builder,3,50,444,coop_results\coop_D_friendly_rapport_builder_v4.json
coop_D_friendly_rapport_builder_v5,cooperator,D,friendly_rapport_builder,4,50,530,coop_results\coop_D_friendly_rapport_builder_v5.json
coop_D_market_expert_value_justifier_v1,cooperator,D,market_expert_value_justifier,0,50,171,coop_results\coop_D_market_expert_value_justifier_v1.json
coop_D_market_expert_value_justifier_v2,cooperator,D,market_expert_value_justifier,1,50,258,coop_results\coop_D_market_expert_value_justifier_v2.json
coop_D_market_expert_value_justifier_v3,cooperator,D,market_expert_value_justifier,2,50,384,coop_results\coop_D_market_expert_value_justifier_v3.json
coop_D_market_expert_value_justifier_v4,cooperator,D,market_expert_value_justifier,3,50,449,coop_results\coop_D_market_expert_value_justifier_v4.json
coop_D_market_expert_value_justifier_v5,cooperator,D,market_expert_value_justifier,4,50,492,coop_results\coop_D_market_expert_value_justifier_v5.json
coop_D_opponent_aware_diagnostic_v1,cooperator,D,opponent_aware_diagnostic,0,50,174,coop_results\coop_D_opponent_aware_diagnostic_v1.json
coop_D_opponent_aware_diagnostic_v2,cooperator,D,opponent_aware_diagnostic,1,50,247,coop_results\coop_D_opponent_aware_diagnostic_v2.json
coop_D_opponent_aware_diagnostic_v3,cooperator,D,opponent_aware_diagnostic,2,50,365,coop_results\coop_D_opponent_aware_diagnostic_v3.json
coop_D_opponent_aware_diagnostic_v4,cooperator,D,opponent_aware_diagnostic,3,50,446,coop_results\coop_D_opponent_aware_diagnostic_v4.json
coop_D_opponent_aware_diagnostic_v5,cooperator,D,opponent_aware_diagnostic,4,50,517,coop_results\coop_D_opponent_aware_diagnostic_v5.json
coop_D_patient_value_defender_v1,cooperator,D,patient_value_defender,0,50,178,coop_results\coop_D_patient_value_defender_v1.json
coop_D_patient_value_defender_v2,cooperator,D,patient_value_defender,1,50,260,coop_results\coop_D_patient_value_defender_v2.json
coop_D_patient_value_defender_v3,cooperator,D,patient_value_defender,2,50,383,coop_results\coop_D_patient_value_defender_v3.json
coop_D_patient_value_defender_v4,cooperator,D,patient_value_defender,3,50,463,coop_results\coop_D_patient_value_defender_v4.json
coop_D_patient_value_defender_v5,cooperator,D,patient_value_defender,4,50,516,coop_results\coop_D_patient_value_defender_v5.json
coop_D_reciprocal_fairness_keeper_v1,cooperator,D,reciprocal_fairness_keeper,0,50,168,coop_results\coop_D_reciprocal_fairness_keeper_v1.json
coop_D_reciprocal_fairness_keeper_v2,cooperator,D,reciprocal_fairness_keeper,1,50,237,coop_results\coop_D_reciprocal_fairness_keeper_v2.json
coop_D_reciprocal_fairness_keeper_v3,cooperator,D,reciprocal_fairness_keeper,2,50,366,coop_results\coop_D_reciprocal_fairness_keeper_v3.json
coop_D_reciprocal_fairness_keeper_v4,cooperator,D,reciprocal_fairness_keeper,3,50,435,coop_results\coop_D_reciprocal_fairness_keeper_v4.json
coop_D_reciprocal_fairness_keeper_v5,cooperator,D,reciprocal_fairness_keeper,4,50,502,coop_results\coop_D_reciprocal_fairness_keeper_v5.json
